index,best_rmse
ventana,120h
pares,3787
rmse,5.878016034058403
mae,5.076360736439615
l2,361.7249114241439
l2_time,30124.126590841806
horas,120
