index,g_best_l2time
ventana,28h
pares,3787
rmse,6.3845265542086995
mae,5.306703343470839
l2,392.8948626415554
l2_time,28379.064797286726
horas,28
